Feature,pos,subClust,Median,lower,upper,count
t38s,38,22,2.3615801214200616,2.240360908904057,2.4374737673503866,1
s38t,38,22,2.3006318454778123,2.1962380590266557,2.3722206824310126,1
q113m,113,221,2.1530266552956476,2.0933925620374367,2.2303005688026483,1
m113q,113,221,2.1474743322972745,2.0881922446721477,2.2367218567311173,1
f38s,38,22,1.708979851539009,1.6277176092232817,1.7842157710288895,1
s38f,38,22,1.699103030218714,1.6322581092842232,1.800874355893357,1
l210t,210,95,1.3324394212420485,1.2397560670832783,1.4129644268873855,1
i38s,38,22,1.3224150663521397,0.813382090348775,1.7613006866061045,1
t210l,210,95,1.3056995786193797,1.1789561922779082,1.3995998605021578,1
s28n,28,220,1.2755949242287612,0.9269278896712804,1.4284835710829311,1
n28s,28,220,1.2603173496370936,0.9108403878659368,1.413730496149479,1
s38i,38,22,1.2428748581753726,0.7036519635298519,1.6873654752866545,1
t45i,45,169,1.1985812110602092,1.1491749251550096,1.2451430043310423,1
i27w,27,324,1.1980159885188817,1.0969486838591302,1.2826814000346038,1
w27i,27,324,1.1855172122170732,1.0959847244579484,1.2980784206674527,1
i45t,45,169,1.1378512893492494,1.0964306516887683,1.1857960572293154,1
f113v,113,221,1.1055132789132118,1.037797480027733,1.1714585853829838,1
v113f,113,221,1.0940195086357154,1.008820148812167,1.1563296239869036,1
v19m,19,97,1.0872076325997724,1.0264226781787191,1.13751019745006,1
m152v,152,164,1.0582247982055717,0.9055898877377114,1.2017321567594754,1
v152m,152,164,1.044486003424282,0.88239413344331,1.150083024003598,1
a4e,4,48,1.0414562362089823,0.958937046775938,1.1097109024047374,1
e4a,4,48,1.0239490610854711,0.9588592059615776,1.097876465521089,1
l216w,216,323,1.0179776750269736,0.907240530517814,1.138170142791278,1
m19v,19,97,1.0094635611754073,0.9522425086544938,1.0705346971931935,1
r118n,118,179,1.006257123523401,0.8975198098306932,1.0997806436201538,1
w216l,216,323,0.995854608216575,0.8941906182781003,1.222353593023827,1
n118r,118,179,0.9916759373796395,0.8659600671691912,1.122529127462096,1
s113m,113,221,0.9765003861105876,0.922068386486664,1.0477282399684344,1
m113s,113,221,0.9728510064937582,0.9269255475214432,1.0701227742223387,1
a4k,4,48,0.972475528699004,0.8727223694115023,1.0495165123066312,1
k4a,4,48,0.955704244673693,0.8800871806154894,1.045038982987468,1
f37m,37,129,0.9436915816051114,0.8027549793195331,1.3935424887224162,1
l136v,136,150,0.942198333467202,0.9048207578765576,0.9766838978558028,1
v83l,83,170,0.9307718975469988,0.856186927190408,0.991781483665176,1
v136l,136,150,0.9289209884409294,0.8920279710411733,0.9687653223326136,1
l83v,83,170,0.926556454268051,0.8695465946836954,1.005629337710073,1
m37f,37,129,0.8868980604905496,0.7994502356415867,1.2426641108770569,1
l104a,104,155,0.8752275839111776,0.8541299545755988,0.898787590586613,1
a104l,104,155,0.8695132916302404,0.8463917704442748,0.8929032268634894,1
t119n,119,238,0.8622647523620666,0.7735804008372794,0.9794353129191566,1
s56a,56,163,0.8583599881936529,0.7972333725353318,0.9424251493190312,1
a56s,56,163,0.8483383788732296,0.7935977556976375,0.9245976678695178,1
a4q,4,48,0.8450321855730054,0.7467701535790638,0.9105751361454856,1
n119t,119,238,0.8430039101710457,0.730770624322396,0.9335223814668898,1
s119n,119,238,0.8383397014163314,0.7916857408200977,0.8770515073610805,1
v34t,34,258,0.8258785788332645,0.7684030989658026,0.8928863762933678,1
q4a,4,48,0.8208989319954814,0.7472229092182632,0.9211113326417688,1
t34v,34,258,0.8112990957927326,0.7542592262706623,0.8664917477346871,1
n119s,119,238,0.8089698157114127,0.7738459952836712,0.8462523057205306,1
m29r,29,216,0.7931152953482634,0.7319965885095083,0.8745296636641349,1
m10t,10,147,0.7922029069820719,0.7473566552379155,0.8276788852472117,1
r29m,29,216,0.7887912203157272,0.6862838124708963,0.8716772295118358,1
v111l,111,291,0.7780595291020571,0.6639565038409952,1.1259354385746052,1
l111v,111,291,0.7662708273482873,0.6511815717623162,1.0932585634910763,1
h2l,2,165,0.7557833359818276,0.707695787005695,0.8105570094166603,1
l2h,2,165,0.7543787139156084,0.7068847276449463,0.799598604515278,1
a115t,115,50,0.7434182481118572,0.6966244182243039,0.7869602252303417,1
s56t,56,163,0.7406112974500243,0.6644222040769528,0.8264910999358552,1
t123l,123,148,0.7383902925563361,0.6398332177750787,0.8581206062990419,1
i27f,27,324,0.7333518601060534,0.649213292944686,0.8221095877671143,1
f27i,27,324,0.7329175539361901,0.6295895117306158,0.8135278588304182,1
t56s,56,163,0.7321600881659698,0.6691076296227247,0.8214851463892962,1
v168a,168,167,0.7309104730542357,0.6528820453813489,0.7970576068615123,1
t115a,115,50,0.7240678141775023,0.6817290507531717,0.7671959800237564,1
t10m,10,147,0.7216853596652048,0.6894425572545668,0.7629980423279867,1
l123t,123,148,0.7183111778661428,0.6183943656321567,0.8223785313753933,1
a168v,168,167,0.714847365046509,0.621802278828004,0.7983818192171455,1
k214r,214,123,0.7111412770882393,0.688673598186937,0.7460928038654088,1
f38i,38,22,0.7028342240337002,0.6054896462880747,0.7820766987955301,1
r214k,214,123,0.6982970824435135,0.6723536647204521,0.7312613050255428,1
s4e,4,48,0.6931001799312351,0.6100769397248829,0.7703961567530296,1
i38f,38,22,0.6848696685000359,0.5989877515682238,0.7540786761731895,1
m152i,152,164,0.6765660107194473,0.6373881332030076,0.7313779346315807,1
r95k,95,210,0.6709464018089055,0.5288252352628089,0.7767794830094459,1
r4t,4,48,0.6644381360465181,0.6267458899338554,0.728140819978901,1
t4r,4,48,0.6578159991664441,0.6157787188668973,0.7635294869416706,1
s139h,139,37,0.655021200784268,0.5753330252695799,0.7252415386232883,1
r4s,4,48,0.6504638752792966,0.4058133635602514,0.9097567595703692,1
i152m,152,164,0.647452584402205,0.5981683874662236,0.6945797100725977,1
h139s,139,37,0.635556001748184,0.5622221647652733,0.7580938945803128,1
s4r,4,48,0.6301929482943375,0.38296180451701817,0.9330590895382492,1
e4s,4,48,0.6277103546809033,0.5572013511536555,0.7148494093053914,1
n67r,67,207,0.6258306884302025,0.5363534075366101,0.7101604680531126,1
r67n,67,207,0.614168057939531,0.5363968439904876,0.6988510065319062,1
a54i,54,79,0.6007301838898195,0.531281148545498,0.6722215291722049,1
l210f,210,95,0.5911110989868005,0.4704450393879081,0.6818594353700667,1
i54a,54,79,0.5907120371985424,0.521251115823747,0.6572209608676747,1
t215a,215,89,0.5801051850831953,0.4828388578082952,0.6702183983905909,1
s45i,45,169,0.5791193485734623,0.5046796621801217,0.6649882900760746,1
m29k,29,216,0.5774265009473492,0.4904471259488789,0.6620825382711465,1
a215t,215,89,0.5759261651524484,0.5043990885061819,0.6372162087522932,1
t113f,113,221,0.5736182047855803,0.4768161577013218,0.6393950126595429,1
k29m,29,216,0.573056114783248,0.4782615693038328,0.657170546369104,1
t104a,104,155,0.5715405717263051,0.5337098352552279,0.6135012533181601,1
f113t,113,221,0.5711346435548061,0.5104523567312019,0.6636181802872627,1
f210l,210,95,0.5710448724697867,0.4320087892931126,0.6461230989625252,1
q182m,182,166,0.5625575576814956,0.4764513641800915,0.6625293197264803,1
a104t,104,155,0.5611227354874668,0.5239180764031196,0.6055165344283833,1
q139k,139,37,0.5594625986636382,0.4849277541573921,0.6303658281397276,1
h139k,139,37,0.5561960464347276,0.5242956839680598,0.5881025281375525,1
i127v,127,140,0.5549963897842278,0.4914512416004588,0.6022287598942022,1
t62a,62,7,0.5526774265962482,0.4949294028450845,0.6254314225710975,1
k139h,139,37,0.5470316613750145,0.5170199144668338,0.5781271133775612,1
m182q,182,166,0.5466915309568823,0.48297861259678154,0.6093700797992276,1
k139q,139,37,0.5447359620083218,0.4772291429135001,0.6148863431774446,1
i45s,45,169,0.5441683518571647,0.47133055793851153,0.6195758067000814,1
k95r,95,210,0.5425857920310467,0.44073413921265575,0.6770131699018194,1
q139s,139,37,0.5412286069603525,0.45422317879905094,0.6763247656579416,1
s139q,139,37,0.5374548244734739,0.4386397217003376,0.6495007398477113,1
a62t,62,7,0.5358226577117027,0.48301989648356514,0.6039028375414272,1
v37m,37,129,0.5272950791692859,0.47031623936192,0.5873837638563677,1
n191t,191,250,0.521226064183405,0.4568442502215979,0.5767249527264309,1
t44l,44,99,0.5190229899810411,0.44531421397414983,0.58221368519774,1
m41l,41,126,0.5178917912148856,0.3537365203244449,0.6963792397739352,1
t191n,191,250,0.5160277789488606,0.4520873855909516,0.6135486182049148,1
a115q,115,50,0.5159968395712953,0.4682103378637727,0.5547531398518417,1
t123f,123,148,0.5147759694046166,0.4105465161758477,0.6025829168852577,1
i150l,150,154,0.5146128938755101,0.39161679069495575,0.6298301620057458,1
v64m,64,18,0.5144685758860086,0.4495783689199787,0.5995234720917384,1
m64v,64,18,0.511257359888253,0.4394563068446603,0.5687199724870782,1
l41m,41,126,0.5086699160585578,0.3764852517221082,0.64661206557395845,1
l44t,44,99,0.508539336909196,0.45222822718562694,0.5893978768206218,1
s178f,178,61,0.5076812161801727,0.3738488187370914,0.5693383882753271,1
f123t,123,148,0.5072879483432975,0.3894456326527366,0.605231793628001,1
q115a,115,50,0.504259787349709,0.4656314313192218,0.5444220391437864,1
m37v,37,129,0.49968269870498766,0.452606966274753,0.5643425465396894,1
r118e,118,179,0.49687832010875854,0.4052258502604412,0.6050576737792006,1
t79i,79,2,0.49470439064402927,0.33228721262796457,0.6090176793903002,1
t119x,119,238,0.49202434845393894,0.402009822138881,0.5692222285778368,1
e118r,118,179,0.4858686039084796,0.3794816257588473,0.59319786795568,1
i79t,79,2,0.48290197301844245,0.27414578287258806,0.6511350722282773,1
i83l,83,170,0.482458984470566,0.39357760334982095,0.5624611533642114,1
l83i,83,170,0.47896673873597995,0.40702187449451194,0.558002466167017,1
n191d,191,250,0.4742838465170499,0.4071916754499202,0.531726775257376,1
r156p,156,116,0.47224495740565503,0.4118499852552687,0.5435213905001043,1
l150i,150,154,0.47124883104733595,0.2823947883613577,0.5825876781606611,1
p156r,156,116,0.46951067023672344,0.4029197054762512,0.5311157790751178,1
d191n,191,250,0.468544093714922,0.40749713223603073,0.5570778283269562,1
s139d,139,37,0.4620660004937352,0.3894486450164394,0.5243120629725908,1
x119t,119,238,0.4612419835428394,0.3691145284293642,0.545553013701636,1
x219r,219,124,0.4579275090975684,0.4300445911960919,0.487159284640826,1
r219x,219,124,0.4573236229744886,0.4238498667096018,0.489379660968889,1
n216s,216,323,0.45246652254786623,0.3672723026682122,0.5218696518602857,1
v124g,124,73,0.4524205717121662,0.3845353880291542,0.5097002923706737,1
d139s,139,37,0.4498256195318061,0.3855586754468176,0.5365369003528082,1
g124v,124,73,0.4472069341544195,0.39338264838987513,0.5024321257522695,1
v127i,127,140,0.4461983583947961,0.40285847465408686,0.4914926608192126,1
d67e,67,207,0.4437386627638936,0.34129082643364184,0.535603482091763,1
a38s,38,22,0.443518138701701,0.3505615029326291,0.5149069769851516,1
s216n,216,323,0.44262840407015613,0.3828019410639823,0.5150337975565203,1
v65s,65,237,0.4424241499340724,0.3579289783335665,0.5205069031547069,1
t38i,38,22,0.4406496942384948,0.3750898650377822,0.4867676639930776,1
i38t,38,22,0.4358257414481945,0.3705839317457619,0.48601093183389343,1
s142l,142,217,0.4356610385539149,0.3701820584000432,0.490545819742172,1
v202c,202,28,0.4319316566264319,0.37878139273847256,0.4698478091216652,1
e67d,67,207,0.43041866004795015,0.3396660784279705,0.5283468307821317,1
t88v,88,4,0.4292538415563681,0.35741475646402787,0.47731991862706347,1
l142s,142,217,0.424299384672983,0.3741050092499454,0.4782917291909398,1
c41l,41,126,0.4240447796078871,0.3918728143816556,0.4637434288045106,1
s65v,65,237,0.42355090896458414,0.3409879865858132,0.5200357251253331,1
l210m,210,95,0.4228591756274546,0.32774777146108747,0.5099947091348361,1
v88t,88,4,0.4226378421082495,0.3745693916138454,0.4790386600759418,1
l41c,41,126,0.4224670393862904,0.3894364979250444,0.4534259749615254,1
x155i,155,101,0.42036499810472394,0.34559926901129,0.5056150065055115,1
a115e,115,50,0.4175117039999715,0.3748403289065507,0.44759889913505824,1
s38a,38,22,0.41475732384133335,0.3400342182008249,0.4893502116040628,1
s119x,119,238,0.40677359833861465,0.3560933807021075,0.4663797167855812,1
s113f,113,221,0.40225759140813855,0.3199711062572239,0.49271114704870256,1
e115a,115,50,0.4015583287109186,0.36761991616018275,0.4415815302539092,1
x119s,119,238,0.40095227716896015,0.33698844355028645,0.4633503460006898,1
i155x,155,101,0.400123004994456,0.3424161279872684,0.48595188674971185,1
m210l,210,95,0.39661103094772193,0.28218713489760006,0.4835753909823932,1
c163v,163,327,0.3963931427958589,0.37061651966400666,0.4295440918870148,1
c202v,202,28,0.3963144792752955,0.33491476465141184,0.4378717462688429,1
f209i,209,128,0.3962149819757937,0.3277203770578423,0.4509366145049062,1
v163c,163,327,0.39543472903321375,0.3497111400879175,0.42602615691550383,1
f113s,113,221,0.3917119749478511,0.31753487893955556,0.4840313589872484,1
i136v,136,150,0.3915325999429917,0.16627934670010866,0.5897587638334553,1
m45i,45,169,0.3912473941205842,0.33156683582892943,0.4525361664976705,1
i209f,209,128,0.3897052520779951,0.3156374334238661,0.4490978044814547,1
v136i,136,150,0.3819446567567012,0.20912709881247457,0.6053578230971974,1
q2l,2,165,0.3766538701196108,0.3317430534511048,0.418504599095208,1
v124a,124,73,0.3764195851296588,0.3141198399392837,0.43542778515070896,1
q47h,47,193,0.37551510214143546,0.3174455901097938,0.42082216739130984,1
c163n,163,327,0.37360636621679455,0.34120268373364904,0.4014836004105372,1
n163c,163,327,0.3710513583079593,0.3338365778481675,0.40115547039995414,1
a124v,124,73,0.37038782824229266,0.3003483940131358,0.4332449147665836,1
f178s,178,61,0.3702951626126093,0.2896192740323442,0.5024856514258715,1
i33v,33,171,0.3681802235489703,0.2625477612028431,0.4500516763341935,1
v152i,152,164,0.36768960244229654,0.15821475764067464,0.5282481815180142,1
i152v,152,164,0.36320612531525065,0.1983967130040132,0.5904880211387603,1
l2q,2,165,0.3567996237473402,0.3239656789297517,0.3948406592781014,1
l178f,178,61,0.35674159497827973,0.2289335323244709,0.41677651465951193,1
s142p,142,217,0.35401493350034946,0.3100493469342839,0.4195625779447688,1
p216l,216,323,0.3538030129823355,0.27382283331653867,0.4116844461507682,1
h47q,47,193,0.34685832157141183,0.28712626238777883,0.3976646052313979,1
p142s,142,217,0.3458868334246178,0.2900712072293671,0.3936134361189775,1
v33i,33,171,0.34368718671220877,0.25640674544323394,0.41977215288746456,1
d67k,67,207,0.3415874136976006,0.30107116013882357,0.3744333763015869,1
k67d,67,207,0.3405012953704376,0.30128980566366925,0.37725234333693736,1
i45m,45,169,0.3343967772897604,0.2792933830434759,0.382689203385655,1
v45t,45,169,0.3244528076364288,0.25766090619827553,0.38406993407026246,1
v19l,19,97,0.3238654699161466,0.2842302004853473,0.35097234468450567,1
t54l,54,79,0.3234706039675478,0.2957320866793185,0.35560762440956295,1
l216p,216,323,0.32294023535603933,0.2731857168179507,0.3836812586236673,1
n63a,63,186,0.3183621580476854,0.2346866584637512,0.4022446014837382,1
t45v,45,169,0.3170102140957284,0.2549680419063737,0.3852472235668716,1
l54t,54,79,0.31529634451922384,0.28684010952475414,0.34353273290676334,1
l37m,37,129,0.31164274543204373,0.24427161479583537,0.36175439267397136,1
a63n,63,186,0.3096847559404743,0.2194547093773125,0.3942511306629187,1
a7s,7,224,0.30432162915806676,0.2524203164438678,0.3606411463878358,1
v19f,19,97,0.29994297115251745,0.26809674074696543,0.3264672227126143,1
l89i,89,290,0.2972878074315055,0.2667172368227747,0.3240933839179218,1
s7a,7,224,0.2939094122816993,0.2400952907676639,0.3515277537905528,1
t36a,36,285,0.29388994133772295,0.2514294338787534,0.3394485275546332,1
a7n,7,224,0.2917377795998012,0.240941028453548,0.3449143027302771,1
s142k,142,217,0.28679212013738675,0.2409220975906935,0.32941045380475076,1
m37l,37,129,0.28468389316869613,0.25271752410425874,0.3127034540934458,1
n7a,7,224,0.28349108669386947,0.23395107773355228,0.33692376319776496,1
v124t,124,73,0.2798318217565642,0.21879544884030777,0.349589616821385,1
i89l,89,290,0.27954418159770844,0.2544155099382125,0.30550030581988097,1
t124v,124,73,0.2767283484631303,0.20799122217978183,0.34661579805986714,1
k142s,142,217,0.26962569361310174,0.23682524125888488,0.3127363832046942,1
a36t,36,285,0.2676270546662125,0.23352677202474056,0.3154035920388713,1
l19v,19,97,0.2671952740474065,0.2347675520752337,0.29788760122801844,1
s215i,215,89,0.26642913561753007,0.2201758788807992,0.3035574657330652,1
v12a,12,161,0.2659585014462159,0.2160240738988259,0.3122186294677768,1
t38f,38,22,0.2650287541260852,0.20024910123403164,0.3065157315392433,1
f38t,38,22,0.2645500229246609,0.20238506060804703,0.31504812663291987,1
i215s,215,89,0.2644541971271714,0.2217383499517357,0.30447023357070324,1
a12v,12,161,0.2601882534403272,0.21052026808273835,0.3043874131696206,1
v41l,41,126,0.2587952658631424,0.22759819403203813,0.28959048749978566,1
m5v,5,294,0.2572241148644326,0.20163333634473643,0.3190534819317573,1
l41v,41,126,0.2524794990943187,0.2238167443663779,0.28571925802096376,1
v5m,5,294,0.2513596642862509,0.19088710300061823,0.3078690526181068,1
d214r,214,123,0.25093009035237035,0.20093683872020804,0.3014695354384433,1
g174m,174,90,0.24866206049418435,0.204903023374215,0.28454326284704357,1
i168m,168,167,0.2444101022667785,0.2257953673315682,0.2710869464668574,1
m168i,168,167,0.24361543227259003,0.2242780376655025,0.2686949624278438,1
m41f,41,126,0.2420175450217342,0.14451663015218308,0.3790942098850093,1
f19v,19,97,0.2405861148172523,0.20577391486409596,0.27858648652563645,1
p216s,216,323,0.2351195061980563,0.1843315016187076,0.2780189306356764,1
s216p,216,323,0.2331975531583873,0.18100301807480357,0.2819729502956554,1
v174m,174,90,0.23139197505287265,0.19115434632368844,0.2721246119091158,1
m152l,152,164,0.2303973160117056,0.1917525702220849,0.2722006173017977,1
r214d,214,123,0.22959675769606147,0.18637080147101143,0.28107569213606914,1
l120v,120,137,0.22556047662325723,0.2036503648289577,0.24179802217195737,1
f41m,41,126,0.2209436513148134,0.10877691949873113,0.3387439771388344,1
v120l,120,137,0.2172212498146668,0.1963623798692388,0.23636569327774992,1
x118h,118,179,0.2147592411121687,0.1384913197843774,0.3294198964292788,1
f178l,178,61,0.21068972076256945,0.1487936818877555,0.34279736358229107,1
h118x,118,179,0.20531186421288256,0.15082205172509094,0.27781197673402824,1
l152m,152,164,0.20496960845816137,0.16836441182132272,0.24334546735598833,1
f19l,19,97,0.1981236214144877,0.16277885787614843,0.2395528892533673,1
l19f,19,97,0.19793396361568055,0.1530747483729884,0.2349419026914091,1
v65a,65,237,0.19681469629647672,0.0822166576845591,0.30192648870833966,1
a65v,65,237,0.19339627092733627,0.08460267381518172,0.3295860962270225,1
q139n,139,37,0.18853562190031287,0.13032101304498128,0.2530851471342348,1
v45m,45,169,0.1859477184423775,0.12165682875221298,0.2487590988553019,1
v38t,38,22,0.1857809421628171,0.16391863578627686,0.21059311733158423,1
l178i,178,61,0.1846135596346613,0.03995537154159923,0.2595103411892213,1
m174g,174,90,0.18014487133683377,0.13583316150523633,0.21934151125778428,1
v77l,77,142,0.18002440385081245,0.1311844483108164,0.22532861031948903,1
t38v,38,22,0.17893404547014202,0.15130682857103772,0.20187611334477884,1
n139q,139,37,0.17708102030813982,0.12479953991954956,0.23623346518123448,1
m45v,45,169,0.17642937810179865,0.11105357668176516,0.23897831078536305,1
l77v,77,142,0.17622478088252305,0.13709096249801345,0.22478897391665953,1
i19m,19,97,0.163050519397051,0.12243834584190258,0.200386118113412,1
t33i,33,171,0.1580291419242564,0.11701066747776,0.2061371320456754,1
v202l,202,28,0.15738170301708304,0.10405858400036042,0.19502942752700225,1
v38f,38,22,0.1553505099014017,0.1305454405742521,0.18481132364214417,1
m174v,174,90,0.15534732781539728,0.1176257147361936,0.19945403334540832,1
f38v,38,22,0.1525915835712425,0.1260372450324379,0.18214954842667028,1
t119d,119,238,0.14973162626043707,0.10802675587004128,0.1971816563658353,1
m19i,19,97,0.1471914362541067,0.0935833621020964,0.18438704723551547,1
i33t,33,171,0.14561365598619933,0.09884263908294744,0.1827234881858853,1
a65l,65,237,0.14187117215953104,0.00637975911119906,0.2499494875295768,1
c41m,41,126,0.14010645400996294,0.05991799719843395,0.2255816297097965,1
w216s,216,323,0.1395521428784623,0.02076046537071619,0.2608362036388951,1
m41c,41,126,0.13661180494437225,0.06637701917474091,0.229780782819115,1
l65a,65,237,0.13533815012746786,0.01555460878781164,0.2593991636816178,1
d119t,119,238,0.11876390150994896,0.0741152421434351,0.15809455729699243,1
l202v,202,28,0.10354691761410464,0.06325356138105132,0.14603046730264807,1
t62s,62,7,0.09770372289347116,0.01876915367660157,0.1809349748662974,1
q139d,139,37,0.09275358849390591,0.03092124331649901,0.1523345345223139,1
s62t,62,7,0.08852294184563278,0.02369232125521677,0.167674287691275,1
i142k,142,217,0.08720079579663498,0.05054189774545309,0.1279114596801745,1
i142s,142,217,0.08656557123267647,0.05181205126549432,0.13704172503646034,1
s142i,142,217,0.086078621026347,0.04625893078832192,0.1235035606036332,1
v89i,89,290,0.08496977312354606,0.03657656705874452,0.1383831305921581,1
k142i,142,217,0.08381674977525377,0.05104197756172929,0.1192464259823555,1
i89v,89,290,0.08180801524961517,0.01827838637873403,0.12496291879211507,1
v19i,19,97,0.077267724708063,0.03916844479345389,0.10549711778340108,1
d139q,139,37,0.0729356515243049,0.01889414680518804,0.1284388676869345,1
v44i,44,99,0.06086624179967513,0.01187312603497226,0.0949811760423341,1
v174i,174,90,0.05742833741408991,0.03651684967936394,0.08252633394660981,1
s215g,215,89,0.05360423915269605,0.00537020665626935,0.10509669170340832,1
t63s,63,186,0.04298422627194301,0.00535277298441486,0.08074351233382107,1
c163m,163,327,0.0393329241308804,0.01566576028540248,0.07413243109203757,1
s63t,63,186,0.03911137617083463,0.00561086889981917,0.07204752386667285,1
h118n,118,179,0.03868111104822239,0.00405278531475509,0.06766274628599733,1
n118h,118,179,0.03297294271382261,0.00628536280730769,0.06206373447231064,1
i174v,174,90,0.02793158378379561,0.0066189410260973,0.05767770313931864,1
