Feature,effect,clustNum,pos
n97l,1.8433110695396446,97,124
n97s,1.692087285795914,97,124
l97n,1.607283072731349,97,124
s215d,1.5441989426896594,215,145
d215s,1.5304983161063739,215,145
n28g,1.4901490625773632,28,360
s97n,1.4476153269108123,97,124
t215d,1.4472401269438868,215,145
g28n,1.4025044290826505,28,360
d215t,1.401875913940526,215,145
a191i,1.2818170052200208,191,170
i191a,1.2766946829256165,191,170
v43l,1.2422349867612277,43,342
t194a,1.2038552933297122,194,160
i191n,1.1925794475707638,191,170
s15t,1.1849529360038475,15,280
n191i,1.1804333293239617,191,170
t15s,1.1766634772600923,15,280
a194t,1.1631039361855195,194,160
r137d,1.1600513440956601,137,52
l43v,1.1475688677656248,43,342
t194i,1.1316754749393756,194,160
s189i,1.1162754876814063,189,225
i189s,1.104582888153966,189,225
i194t,1.0745942546087879,194,160
m195i,1.02562478308395,195,272
a162e,1.015878096002099,162,174
i195m,1.0108294466125693,195,272
a191v,0.9976066699969626,191,170
e162a,0.9752358155999404,162,174
s90k,0.9570997045354904,90,128
t189a,0.9494001484445848,189,225
i236t,0.9339164942710192,236,55
v211s,0.9323383652370903,211,81
n191v,0.924871002747992,191,170
t236i,0.9226301041187438,236,55
f195t,0.9191862258305538,195,272
r210q,0.9014604837712675,210,200
t195f,0.8935720846894678,195,272
t194m,0.8934923978536149,194,160
a189t,0.8917633455465144,189,225
p97l,0.8888534846302829,97,124
x99k,0.8814062405640632,99,400
v191n,0.8781614076495413,191,170
t194e,0.8380976153749511,194,160
s39k,0.83150280984497,39,157
l47x,0.8299694729080475,47,429
e194t,0.815242662733181,194,160
r137n,0.8127379551989847,137,52
d197a,0.8080409416759546,197,329
v265h,0.8077589357225892,265,132
k97l,0.8066093909776647,97,124
r160k,0.8056459887961507,160,323
k99x,0.8047742598032679,99,400
k99r,0.7938544764447322,99,400
h265v,0.7920647032181104,265,132
i13e,0.7866203519305167,13,180
m194t,0.7822911922170543,194,160
e13i,0.7590254700474892,13,180
k90s,0.7577117593341591,90,128
k160r,0.7512535744440104,160,323
s211v,0.7501385385294989,211,81
r99k,0.741778750659314,99,400
t217a,0.739884200933902,217,262
d31n,0.7365052880024294,31,37
n31d,0.7277122886206474,31,37
a217t,0.7269870633380857,217,262
x47l,0.7120235777220525,47,429
a194i,0.7024674836349155,194,160
f195m,0.689970347839793,195,272
n142i,0.6846991923630061,142,355
t191n,0.683363957642158,191,170
k39s,0.6796447537861736,39,157
a19s,0.6769263740900638,19,168
i194a,0.6723520666107096,194,160
n191t,0.6684638445126408,191,170
l97p,0.6596091886353058,97,124
v220m,0.6590827587187558,220,454
s39g,0.6536649248190376,39,157
e28g,0.6522375516086105,28,360
d137r,0.6468409185974581,137,52
n137r,0.64681339055674,137,52
m195f,0.637245370095596,195,272
p265v,0.6302050544921795,265,132
a162q,0.6301716658764998,162,174
n28e,0.6269570884878797,28,360
m136i,0.6168260822688851,136,197
g28e,0.6105805017854583,28,360
l170s,0.6103477342294386,170,305
s170l,0.610338485809666,170,305
v265p,0.6086407168249394,265,132
s19a,0.6052609428358264,19,168
n39d,0.6044660355708796,39,157
q162a,0.5998794342180841,162,174
a259v,0.5981089909792009,259,251
n28s,0.5980149485052985,28,360
i142n,0.5966524305598684,142,355
s28n,0.5928491784330331,28,360
f51v,0.5794177225433457,51,96
a238v,0.5770220723650149,238,50
k44e,0.5692569490410232,44,203
m220v,0.56543929664648,220,454
i236l,0.5625862765464252,236,55
n44k,0.5596375530706286,44,203
i133v,0.5578622256971427,133,455
v220t,0.5572395529512908,220,454
i12s,0.5561022630214076,12,404
e28n,0.5532991309187298,28,360
v259a,0.5526557939855047,259,251
t191a,0.5510900749241803,191,170
t265h,0.5486802838285253,265,132
v233l,0.5469968668019702,233,351
i136m,0.5465400751474977,136,197
s12i,0.5443225057223662,12,404
l236i,0.544310649402698,236,55
v133i,0.5432173060354497,133,455
l97k,0.5418234588033264,97,124
h265t,0.5384177266194317,265,132
k162q,0.5367578109849409,162,174
t121l,0.5364636220593412,121,125
q162k,0.5351763710762781,162,174
g39s,0.533623642553114,39,157
a162k,0.53254473083058,162,174
s28g,0.5291830781209608,28,360
e44k,0.5290365462798762,44,203
v51f,0.5289570177060765,51,96
a191t,0.5271095803578661,191,170
l233v,0.5257760907062886,233,351
r85e,0.5217439026059622,85,136
d39n,0.5198591745146244,39,157
k44n,0.5176841533013148,44,203
v162e,0.515575265982767,162,174
v191a,0.5155526394452001,191,170
e85r,0.5102343526609716,85,136
e162v,0.5090254208610726,162,174
e44g,0.4978824591792958,44,203
p175a,0.49180809808232084,175,222
x263v,0.49178633320384063,263,83
g150q,0.4915350589187731,150,228
i112l,0.486790724273896,112,46
k162a,0.4829022604611755,162,174
v162k,0.48121232884981935,162,174
l121t,0.479528433379401,121,125
i12a,0.478420781008459,12,404
g44e,0.4699263774694831,44,203
q150g,0.46985218749122953,150,228
v211t,0.46977985686083584,211,81
v239a,0.45917867966126413,239,446
s17x,0.45458312518696786,17,331
n44t,0.4501175235870115,44,203
a12i,0.4493464529482625,12,404
k28g,0.4493090604659322,28,360
x51f,0.44827860190142554,51,96
l112i,0.44675815517095624,112,46
k162v,0.4453168136861624,162,174
m194k,0.43999051069710754,194,160
g28k,0.43615444677736537,28,360
t220v,0.43518220496580895,220,454
k194m,0.43396392877283196,194,160
v162q,0.4328573734550434,162,174
a188t,0.43255266764111083,188,171
a175p,0.43166774455798024,175,222
t44n,0.4313031196260666,44,203
v162r,0.42916640782421933,162,174
q18t,0.42197416661182907,18,386
f51x,0.42179253164900216,51,96
g150h,0.4142007546663156,150,228
t18q,0.4134006647439807,18,386
e40p,0.4113942349696343,40,384
m51f,0.41016437116924015,51,96
f51m,0.407541260066141,51,96
i211s,0.40541973142587884,211,81
r162v,0.40427857716931836,162,174
g43l,0.4038617767965322,43,342
v191i,0.4038178978948455,191,170
p40e,0.40192895675232915,40,384
g28s,0.4018252614570204,28,360
l43g,0.4009238229945459,43,342
x17s,0.40039746062550735,17,331
m121t,0.3992331910342503,121,125
q162v,0.399168310997404,162,174
r263v,0.39262865217506565,263,83
s31g,0.3847646506477177,31,37
t188a,0.3835359347877793,188,171
g31s,0.38053373752364894,31,37
h150g,0.3802009096168255,150,228
q137d,0.3696059667522314,137,52
n28d,0.36561197921957916,28,360
t265y,0.36287790990336133,265,132
i191v,0.3628400308109285,191,170
d28n,0.36236960688118286,28,360
v252m,0.3564021424060555,252,428
v83l,0.35160429854613673,83,114
v238a,0.3503670428052404,238,50
v263r,0.34970555386922764,263,83
v263x,0.34864440259860946,263,83
y265t,0.3461842928011853,265,132
v248s,0.3442953575160373,248,122
t121m,0.3416507504993345,121,125
s191v,0.34057259522448197,191,170
l83v,0.33938929445730587,83,114
k170i,0.3379954621447405,170,305
i170k,0.33500129486912605,170,305
d137q,0.3269803577962892,137,52
l51v,0.3266848967542742,51,96
a41e,0.326575969317599,41,229
m252v,0.3253832993137958,252,428
q103l,0.3239316178349847,103,120
y51f,0.32288688520092335,51,96
v73m,0.3221306001010819,73,129
v211i,0.32094634197457805,211,81
m81i,0.3208546394979921,81,357
k97s,0.3190480136758935,97,124
e33a,0.3189086211163934,33,327
a162r,0.31841753040820336,162,174
v191s,0.31833488762253376,191,170
k44g,0.3147200866110626,44,203
i111f,0.3119484642475596,111,484
e41a,0.30933887720296405,41,229
r104n,0.30684009995124767,104,343
l9v,0.3055138334213488,9,481
s39e,0.3044514436673351,39,157
t13i,0.30354631323493236,13,180
a197e,0.30311615632013467,197,329
a33e,0.302341568680542,33,327
i193t,0.30232781119570407,193,161
t193i,0.30176141923220284,193,161
v110i,0.2989958257679013,110,462
s211i,0.2966079467391265,211,81
v9l,0.2943908530641231,9,481
n104r,0.2927103595387631,104,343
l125i,0.2901807772740623,125,15
i265h,0.28900475526439645,265,132
y230h,0.2875759363685921,230,346
s196g,0.28456119611027575,196,442
r104q,0.28314562705871316,104,343
v256i,0.2822672946456938,256,365
h265i,0.28182598780145424,265,132
f51y,0.28063014113818013,51,96
g196s,0.2805193660608242,196,442
i13t,0.28026348496626236,13,180
m107i,0.2793928275925614,107,435
t255a,0.27904970470757257,255,491
h230a,0.27889950143317777,230,346
i81m,0.2779290689906521,81,357
l73m,0.2769426486001507,73,129
v252l,0.2754485815644772,252,428
r162e,0.2751969028540907,162,174
q162r,0.274806955966218,162,174
r162q,0.2744383027751663,162,174
y211t,0.2740494162040301,211,81
g173a,0.2739966540661323,173,112
v51i,0.2734194086564701,51,96
r137e,0.271022650567213,137,52
m73v,0.26784000854903917,73,129
t211v,0.2677063115652503,211,81
f195s,0.2654023000644807,195,272
a173g,0.2643412902756315,173,112
f111i,0.26247478814183195,111,484
d137h,0.2606883640460462,137,52
i256v,0.2593768059179997,256,365
v136i,0.25848727225701223,136,197
i211t,0.2566056579831652,211,81
a255t,0.2564233524642995,255,491
a41v,0.25409540286299814,41,229
t194v,0.25344408941902696,194,160
v239t,0.252218492219031,239,446
i125l,0.25090707880465213,125,15
a239v,0.24924774704053668,239,446
e162r,0.2468545323812402,162,174
f111v,0.2446061629976284,111,484
f105m,0.24156186407841176,105,475
t265p,0.24156142385105026,265,132
v73i,0.23971769255689904,73,129
l252v,0.2376787141930007,252,428
p265t,0.23540288637340295,265,132
p263n,0.23387536599831465,263,83
d189i,0.23381019138721001,189,225
i189d,0.23297521929954215,189,225
s188i,0.23081793285980168,188,171
s188a,0.22965373586848714,188,171
i188s,0.22959517337566793,188,171
i162k,0.2289626053413733,162,174
v194t,0.22863860076003575,194,160
s195f,0.22855208659303006,195,272
t255v,0.22779788293125014,255,491
m105f,0.224877996175398,105,475
e40g,0.2240245188486328,40,384
n86k,0.22295866851138335,86,385
e137r,0.22214443182873203,137,52
i107m,0.22090189772264743,107,435
k104q,0.2162998198288893,104,343
v111f,0.21559315568643123,111,484
v41a,0.21517093936493412,41,229
v51l,0.2148389381645474,51,96
i51v,0.21455098718191162,51,96
g44k,0.21448078081050126,44,203
r160q,0.21160412957897698,160,323
p170t,0.21068594208897934,170,305
x135v,0.21057862174146616,135,492
i211v,0.21018627121612507,211,81
v188i,0.20821857254079593,188,171
s196r,0.20630875129051607,196,442
v135x,0.2047459205887897,135,492
i234l,0.20017209618486642,234,436
a188s,0.198559263803806,188,171
v265y,0.19743004455316882,265,132
n137h,0.19683048507743786,137,52
i136v,0.196029795748555,136,197
l234i,0.19335879521747626,234,436
t194k,0.19249147926408594,194,160
r196s,0.18816201586005693,196,442
k162i,0.1869858839966235,162,174
m73l,0.18645669444004279,73,129
r162a,0.1860888944967717,162,174
t170p,0.18285880606500665,170,305
s248v,0.18180838267384727,248,122
y265v,0.18024231691081516,265,132
i194m,0.179399047163894,194,160
l51m,0.1783107478267196,51,96
i188v,0.1762659668662985,188,171
i73v,0.17414411885741782,73,129
g40e,0.17314544398011364,40,384
l109v,0.1709911075860068,109,466
s188t,0.16564602972223194,188,171
p40g,0.16384765729686723,40,384
s90n,0.1627662365873053,90,128
t16i,0.16107497616312907,16,382
p97s,0.15980262149985403,97,124
l107i,0.1563217088335074,107,435
p148s,0.15390485712329277,148,169
t211i,0.15388200950259254,211,81
t188s,0.1533838167429297,188,171
l248s,0.15305759872544702,248,122
s219t,0.1521801727071732,219,182
q160r,0.1511907155922855,160,323
f255a,0.15020819229391522,255,491
i231v,0.15004375999487934,231,380
n39e,0.14992901088245797,39,157
s176q,0.14709433089675022,176,227
i16t,0.1468333849931871,16,382
y211i,0.14332907964982702,211,81
i107l,0.14022315304421623,107,435
s97k,0.13986504029733038,97,124
a255f,0.13841371917129427,255,491
l170t,0.1376943317230322,170,305
k194v,0.13712085255454867,194,160
q176s,0.13700423004554946,176,227
i216t,0.13633576223747373,216,226
t203s,0.13560924186193415,203,51
n195m,0.13487355656638988,195,272
m195n,0.13380675971730147,195,272
x171e,0.1330453237012323,171,338
e39s,0.13203556613308323,39,157
h137n,0.13177600089297573,137,52
t195n,0.1298111027213675,195,272
v194e,0.12862565757860608,194,160
a194v,0.12816672644301677,194,160
i7a,0.1265080159657971,7,162
a194k,0.12514318620803846,194,160
e44d,0.12498174126368555,44,203
m51l,0.12490003279322279,51,96
a7i,0.1244946302838878,7,162
v109l,0.1240232100830321,109,466
k86n,0.12341282421302799,86,385
t219s,0.12015456545629279,219,182
v194k,0.11689702807118851,194,160
m83l,0.11622117214045236,83,114
l83m,0.1161930700546253,83,114
a175s,0.115709720602499,175,222
x51l,0.11544161450331544,51,96
g40p,0.11495172178770388,40,384
n174s,0.11084895917938302,174,390
s203t,0.10839346265921332,203,51
v255t,0.10763576220115507,255,491
e39n,0.10671807249966629,39,157
k194e,0.10517197168500132,194,160
s189a,0.10285596390243984,189,225
n137e,0.10164521007687205,137,52
q137h,0.10126042228493562,137,52
e40d,0.10066070252294614,40,384
s148p,0.10016667272663854,148,169
n195t,0.09961754000625984,195,272
t170l,0.09711282174572793,170,305
x51i,0.09536928158011687,51,96
p263v,0.09434497517952906,263,83
e194v,0.09291712944615999,194,160
i7v,0.09125945202552482,7,162
n137d,0.09105364802702931,137,52
d40e,0.08960207180197528,40,384
k194a,0.0878329575626063,194,160
t135x,0.08568389997518809,135,492
i16a,0.0855752950415452,16,382
d44e,0.08446456575577814,44,203
a16i,0.0833531929021826,16,382
t216i,0.082665380900712307,216,226
s195m,0.08138954291373256,195,272
k194t,0.08009677623793568,194,160
r263k,0.07865258398687812,263,83
q150t,0.07806444813450364,150,228
e194k,0.0763819608806779,194,160
v194a,0.07586481968784431,194,160
t150q,0.0743886037350348,150,228
m81f,0.07385591836365571,81,357
a175t,0.07238334859072024,175,222
v231i,0.0698589148677775,231,380
q104r,0.06755753819309254,104,343
p265h,0.061547351734185275,265,132
r160x,0.057997174072670826,160,323
f81m,0.05778185997067098,81,357
x32e,0.057126250644007275,32,184
s174n,0.05638772861628818,174,390
e28d,0.056280816900841975,28,360
l171e,0.0555563222766418,171,338
e194i,0.05424451629988124,194,160
k263r,0.05235710310938965,263,83
t216k,0.05153318398314471,216,226
t211y,0.05141768577258331,211,81
q112l,0.049587985161483494,112,46
e137n,0.04846402255492784,137,52
d137n,0.04700869327151375,137,52
t189d,0.045517353276738746,189,225
d28e,0.04373336309083681,28,360
v7i,0.04371627268069587,7,162
e171l,0.04329773444555136,171,338
k216t,0.04316099196734651,216,226
n86g,0.04160670663568366,86,385
e32x,0.039005164987041714,32,184
i191t,0.038181899799358855,191,170
i112t,0.037725278492798255,112,46
g86n,0.03647024912804612,86,385
t185g,0.03596264236811435,185,273
l111f,0.03585707842862637,111,484
p41a,0.035797056335959906,41,229
a170k,0.03567208491499165,170,305
h265p,0.03296910336009574,265,132
s170p,0.03226330520768899,170,305
t195m,0.03181668638045094,195,272
m195s,0.02987359981950651,195,272
g185t,0.029307311496799052,185,273
i211y,0.028300805152466735,211,81
r101k,0.02771921407669938,101,210
h137d,0.026375604556836182,137,52
a41p,0.025137258261113,41,229
i111g,0.02278815512073734,111,484
a189s,0.022733256095821455,189,225
v16i,0.02144908069091846,16,382
v69m,0.020787296355731018,69,270
v133m,0.02033194971582575,133,455
m195t,0.02024356272636492,195,272
s175a,0.018883825886329694,175,222
i7x,0.015600928357723122,7,162
f111l,0.014760845193516527,111,484
p170s,0.0144392047376518,170,305
t191i,0.013846552123254934,191,170
k162e,0.013560733356796983,162,174
x135t,0.011276943296032703,135,492
g44n,0.009518155805368604,44,203
i16v,0.009018142233640617,16,382
g111i,0.008404613341212668,111,484
g86k,0.007547122844301135,86,385
m133v,0.0052917506298326335,133,455
h137q,0.004969796539588358,137,52
e150t,0.003758676433721024,150,228
v136m,0,136,197
s144n,0,144,8
s189t,0,189,225
s190t,0,190,397
i232v,0,232,324
k104r,0,104,343
t191s,0,191,170
s171l,0,171,338
q149g,0,149,86
i83m,0,83,114
t192i,0,192,33
a20t,0,20,224
a18t,0,18,386
e43g,0,43,342
y265h,0,265,132
i83l,0,83,114
f51l,0,51,96
m130i,0,130,297
v234i,0,234,436
i82v,0,82,425
v235a,0,235,461
q150h,0,150,228
m135x,0,135,492
i81v,0,81,357
d32x,0,32,184
s171x,0,171,338
a17x,0,17,331
f50x,0,50,422
a16v,0,16,382
a15s,0,15,280
q151e,0,151,131
f49y,0,49,392
m130v,0,130,297
v236i,0,236,55
l105f,0,105,475
v237i,0,237,485
m130t,0,130,297
a5g,0,5,18
a6i,0,6,443
a8k,0,8,88
a9l,0,9,481
a10m,0,10,406
a11p,0,11,80
a11p,0,11,243
a12t,0,12,404
a13t,0,13,180
a14v,0,14,354
a15t,0,15,280
a17s,0,17,331
a18q,0,18,386
c22l,0,22,479
d25e,0,25,71
d26e,0,26,147
d27e,0,27,235
d29g,0,29,330
d30g,0,30,177
d32e,0,32,184
e34d,0,34,154
e35d,0,35,249
e35d,0,35,375
e36d,0,36,362
e39k,0,39,157
e41s,0,41,229
e42v,0,42,309
e43l,0,43,342
e44n,0,44,203
g52e,0,52,383
g59k,0,59,344
g60l,0,60,458
g61s,0,61,274
g62s,0,62,7
i66a,0,66,173
i67f,0,67,43
i75l,0,75,65
i76l,0,76,278
i77v,0,77,164
i78v,0,78,480
i79v,0,79,439
i80v,0,80,140
i82l,0,82,425
i83v,0,83,114
k84e,0,84,202
k85e,0,85,136
k86g,0,86,385
k96m,0,96,118
k97n,0,97,124
k98q,0,98,325
k99q,0,99,400
k100r,0,100,288
k101r,0,101,210
k102s,0,102,363
k103t,0,103,120
k104e,0,104,343
l106a,0,106,447
l107a,0,107,435
l108i,0,108,113
l108i,0,108,463
l109i,0,109,466
l110i,0,110,462
l111i,0,111,484
l121m,0,121,125
l122m,0,122,183
l123m,0,123,468
l124t,0,124,236
l125v,0,125,15
l126v,0,126,308
l127v,0,127,181
l128v,0,128,321
l129y,0,129,59
m134v,0,134,477
n137q,0,137,52
n138i,0,138,232
n139l,0,139,348
n143r,0,143,89
q152a,0,152,150
q153e,0,153,148
q154k,0,154,234
q155m,0,155,340
q161v,0,161,347
q162e,0,162,174
r163h,0,163,94
r164k,0,164,93
r165k,0,165,410
r166q,0,166,233
s170k,0,170,305
s171e,0,171,338
s172a,0,172,205
s173g,0,173,112
s175p,0,175,222
s186t,0,186,66
s187t,0,187,138
s187t,0,187,155
s189d,0,189,225
t193e,0,193,161
t196a,0,196,442
t197d,0,197,329
t198g,0,198,275
t199g,0,199,156
t200i,0,200,339
t201k,0,201,123
t202k,0,202,163
t203k,0,203,51
t204l,0,204,277
t205l,0,205,221
t206n,0,206,242
t207n,0,207,230
t208n,0,208,276
t209q,0,209,293
t210q,0,210,200
t211s,0,211,81
t212s,0,212,478
t213s,0,213,19
t214s,0,214,95
t215s,0,215,145
t230y,0,230,346
v234l,0,234,436
v236t,0,236,55
v240i,0,240,320
v241i,0,241,432
v242i,0,242,379
v243i,0,243,312
v244i,0,244,4
v245i,0,245,139
v246i,0,246,322
v247i,0,247,23
v248k,0,248,122
v249p,0,249,143
v250r,0,250,345
v251s,0,251,300
v263k,0,263,83
y265p,0,265,132
a7v,0,7,162
i74v,0,74,335
h65y,0,65,149
g58s,0,58,190
f51i,0,51,96
t191v,0,191,170
q150e,0,150,228
l112t,0,112,46
q160k,0,160,323
l111v,0,111,484
t195i,0,195,272
a13i,0,13,180
d28g,0,28,360
d25a,0,25,71
h65n,0,65,149
l110v,0,110,462
t230h,0,230,346
v263n,0,263,83
i72v,0,72,61
v253i,0,253,141
i71v,0,71,414
s173a,0,173,112
t188i,0,188,171
l120m,0,120,207
t218i,0,218,239
h65r,0,65,149
a3g,0,3,63
a4s,0,4,313
a7x,0,7,162
a8q,0,8,88
a9v,0,9,481
d28k,0,28,360
d30e,0,30,177
e33k,0,33,327
e39g,0,39,157
e41p,0,41,229
e42k,0,42,309
f47l,0,47,429
f48y,0,48,90
g55n,0,55,304
g56t,0,56,159
g57t,0,57,445
h64v,0,64,158
i70v,0,70,6
i72f,0,72,61
i77x,0,77,164
k95v,0,95,307
k98e,0,98,325
k102e,0,102,363
k103q,0,103,120
l105m,0,105,475
l107m,0,107,435
l112q,0,112,46
l113f,0,113,214
l114i,0,114,389
l121i,0,121,125
m134f,0,134,477
m135v,0,135,492
p145l,0,145,53
q155e,0,155,340
q161h,0,161,347
q162i,0,162,174
r167k,0,167,471
s170t,0,170,305
s176e,0,176,227
s177g,0,177,29
s178g,0,178,449
s179n,0,179,472
t188v,0,188,171
t196s,0,196,442
t197e,0,197,329
t199q,0,199,156
t201e,0,201,123
t202i,0,202,163
t204s,0,204,277
t209e,0,209,293
t219g,0,219,182
t220i,0,220,454
t221i,0,221,68
t222l,0,222,303
t223n,0,223,430
t224p,0,224,176
t230a,0,230,346
v241l,0,241,432
v248l,0,248,122
v250k,0,250,345
v251a,0,251,300
v254i,0,254,482
v263p,0,263,83
y266n,0,266,377
k97p,0,97,124
v255a,0,255,491
t196g,0,196,442
m131i,0,131,301
t196r,0,196,442
i80t,0,80,140
s185t,0,185,273
i73m,0,73,129
v235l,0,235,461
a16t,0,16,382
r166k,0,166,233
s170a,0,170,305
t221v,0,221,68
t222s,0,222,303
l119x,0,119,292
d31s,0,31,37
k85r,0,85,136
e43v,0,43,342
v235f,0,235,461
a20v,0,20,224
v254t,0,254,482
s170i,0,170,305
a2l,0,2,369
a6v,0,6,443
a10y,0,10,406
a12s,0,12,404
a13e,0,13,180
a14s,0,14,354
d24e,0,24,290
d24e,0,24,417
d31g,0,31,37
e36n,0,36,362
e38t,0,38,49
e38t,0,38,126
e41v,0,41,229
e42d,0,42,309
e44t,0,44,203
f46i,0,46,337
g61d,0,61,274
i66v,0,66,173
i69v,0,69,270
i73l,0,73,129
i76m,0,76,278
i81f,0,81,357
k86s,0,86,385
k90n,0,90,128
k91q,0,91,36
k92r,0,92,247
k92r,0,92,393
k92r,0,92,456
k93s,0,93,64
k94t,0,94,58
k94t,0,94,361
k94t,0,94,388
k95s,0,95,307
k103s,0,103,120
k104n,0,104,343
l106m,0,106,447
l108v,0,108,113
l108v,0,108,463
l111g,0,111,484
l115i,0,115,191
l115i,0,115,294
l117m,0,117,199
l117m,0,117,237
l118v,0,118,287
l123t,0,123,468
l124r,0,124,236
l126i,0,126,308
m135t,0,135,492
n139v,0,139,348
n142t,0,142,355
n143q,0,143,89
p145v,0,145,53
p147v,0,147,364
q153t,0,153,148
q155r,0,155,340
q156d,0,156,271
q159r,0,159,167
r166h,0,166,233
r168k,0,168,286
s172t,0,172,205
s174h,0,174,390
s180a,0,180,476
s181e,0,181,186
s184t,0,184,72
s185g,0,185,273
t195s,0,195,272
t199s,0,199,156
t201g,0,201,123
t204h,0,204,277
t206v,0,206,242
t207h,0,207,230
t209r,0,209,293
t210k,0,210,200
t213a,0,213,19
t214d,0,214,95
t215n,0,215,145
t217s,0,217,262
t220m,0,220,454
t225a,0,225,265
t226e,0,226,359
t227l,0,227,464
t228s,0,228,189
t228s,0,228,353
t230k,0,230,346
l233i,0,233,351
v236l,0,236,55
v240t,0,240,320
v243m,0,243,312
v247l,0,247,23
v250e,0,250,345
v251t,0,251,300
v255f,0,255,491
v256t,0,256,365
v257a,0,257,358
v258i,0,258,91
v259t,0,259,251
y265i,0,265,132
y267f,0,267,488
q157h,0,157,494
s176l,0,176,227
m133i,0,133,455
k89r,0,89,310
s182p,0,182,474
d28s,0,28,360
e39d,0,39,157
q160x,0,160,323
s175t,0,175,222
k103l,0,103,120
r166y,0,166,233
t197a,0,197,329
t210r,0,210,200
n141s,0,141,469
g54x,0,54,490
v262x,0,262,250
f47x,0,47,429
v260i,0,260,130
i69m,0,69,270
k88r,0,88,394
m136v,0,136,197
n144s,0,144,8
t189s,0,189,225
t190s,0,190,397
v232i,0,232,324
s188v,0,188,171
t189i,0,189,225
v233i,0,233,351
r104k,0,104,343
r104e,0,104,343
d137e,0,137,52
r162i,0,162,174
r162k,0,162,174
s191t,0,191,170
l170k,0,170,305
s191i,0,191,170
s191a,0,191,170
s191n,0,191,170
l171s,0,171,338
l171x,0,171,338
g149q,0,149,86
m83i,0,83,114
i192t,0,192,33
m83v,0,83,114
g44d,0,44,203
g44t,0,44,203
t20a,0,20,224
t18a,0,18,386
p170k,0,170,305
g43e,0,43,342
g43v,0,43,342
a33k,0,33,327
h265y,0,265,132
l83i,0,83,114
l51f,0,51,96
l51i,0,51,96
l51y,0,51,96
l51x,0,51,96
i130m,0,130,297
i130v,0,130,297
i130t,0,130,297
i234v,0,234,436
v82i,0,82,425
a235v,0,235,461
v82l,0,82,425
i193e,0,193,161
a235l,0,235,461
a235f,0,235,461
h150q,0,150,228
h150e,0,150,228
h150t,0,150,228
x135m,0,135,492
v81i,0,81,357
v81m,0,81,357
v81f,0,81,357
x32d,0,32,184
x171s,0,171,338
x171l,0,171,338
x263k,0,263,83
x263n,0,263,83
x263p,0,263,83
x17a,0,17,331
i194k,0,194,160
i194v,0,194,160
i194e,0,194,160
x50f,0,50,422
v16a,0,16,382
v16t,0,16,382
s15a,0,15,280
e151q,0,151,131
y49f,0,49,392
v130m,0,130,297
i236v,0,236,55
v130i,0,130,297
v130t,0,130,297
f105l,0,105,475
i237v,0,237,485
t130m,0,130,297
t130i,0,130,297
t130v,0,130,297
g5a,0,5,18
i6a,0,6,443
k8a,0,8,88
l9a,0,9,481
m10a,0,10,406
p11a,0,11,80
p11a,0,11,243
t12a,0,12,404
t13a,0,13,180
v14a,0,14,354
t15a,0,15,280
s17a,0,17,331
q18a,0,18,386
l22c,0,22,479
e25d,0,25,71
e26d,0,26,147
e27d,0,27,235
g29d,0,29,330
g30d,0,30,177
e32d,0,32,184
d34e,0,34,154
d35e,0,35,249
d35e,0,35,375
d36e,0,36,362
k39e,0,39,157
s41e,0,41,229
v42e,0,42,309
l43e,0,43,342
n44e,0,44,203
e52g,0,52,383
k59g,0,59,344
l60g,0,60,458
s61g,0,61,274
s62g,0,62,7
a66i,0,66,173
f67i,0,67,43
l75i,0,75,65
l76i,0,76,278
v77i,0,77,164
v78i,0,78,480
v79i,0,79,439
v80i,0,80,140
l82i,0,82,425
v83i,0,83,114
e84k,0,84,202
e85k,0,85,136
m96k,0,96,118
n97k,0,97,124
q98k,0,98,325
q99k,0,99,400
r100k,0,100,288
s102k,0,102,363
t103k,0,103,120
e104k,0,104,343
a106l,0,106,447
a107l,0,107,435
i108l,0,108,113
i108l,0,108,463
i109l,0,109,466
i110l,0,110,462
i111l,0,111,484
m121l,0,121,125
m122l,0,122,183
m123l,0,123,468
t124l,0,124,236
v125l,0,125,15
v126l,0,126,308
v127l,0,127,181
v128l,0,128,321
y129l,0,129,59
v134m,0,134,477
q137n,0,137,52
i138n,0,138,232
l139n,0,139,348
r143n,0,143,89
a152q,0,152,150
e153q,0,153,148
k154q,0,154,234
m155q,0,155,340
v161q,0,161,347
e162q,0,162,174
h163r,0,163,94
k164r,0,164,93
k165r,0,165,410
q166r,0,166,233
k170s,0,170,305
e171s,0,171,338
a172s,0,172,205
g173s,0,173,112
p175s,0,175,222
t186s,0,186,66
t187s,0,187,138
t187s,0,187,155
d189s,0,189,225
e193t,0,193,161
a196t,0,196,442
d197t,0,197,329
g198t,0,198,275
g199t,0,199,156
i200t,0,200,339
k201t,0,201,123
k202t,0,202,163
k203t,0,203,51
l204t,0,204,277
l205t,0,205,221
n206t,0,206,242
n207t,0,207,230
n208t,0,208,276
q209t,0,209,293
q210t,0,210,200
s211t,0,211,81
s212t,0,212,478
s213t,0,213,19
s214t,0,214,95
s215t,0,215,145
y230t,0,230,346
l234v,0,234,436
t236v,0,236,55
i240v,0,240,320
i241v,0,241,432
i242v,0,242,379
i243v,0,243,312
i244v,0,244,4
i245v,0,245,139
i246v,0,246,322
i247v,0,247,23
k248v,0,248,122
p249v,0,249,143
r250v,0,250,345
s251v,0,251,300
k263v,0,263,83
p265y,0,265,132
d189t,0,189,225
e104r,0,104,343
k170l,0,170,305
i191s,0,191,170
n44g,0,44,203
v83m,0,83,114
k170p,0,170,305
l82v,0,82,425
e193i,0,193,161
e171x,0,171,338
k263x,0,263,83
k194i,0,194,160
n44d,0,44,203
m51i,0,51,96
v125i,0,125,15
g150e,0,150,228
t12i,0,12,404
i111v,0,111,484
e25a,0,25,71
i110v,0,110,462
k263n,0,263,83
q99x,0,99,400
i109v,0,109,466
k8q,0,8,88
e28k,0,28,360
g30e,0,30,177
k39g,0,39,157
p40d,0,40,384
s41p,0,41,229
v42k,0,42,309
m51y,0,51,96
v77x,0,77,164
q98e,0,98,325
s102e,0,102,363
t103q,0,103,120
e104q,0,104,343
a107m,0,107,435
i112q,0,112,46
m121i,0,121,125
v134f,0,134,477
g150t,0,150,228
m155e,0,155,340
v161h,0,161,347
e162i,0,162,174
k170t,0,170,305
q176e,0,176,227
a196s,0,196,442
d197e,0,197,329
g199q,0,199,156
k201e,0,201,123
k202i,0,202,163
l204s,0,204,277
q209e,0,209,293
y230a,0,230,346
i241l,0,241,432
k248l,0,248,122
r250k,0,250,345
s251a,0,251,300
k263p,0,263,83
n97p,0,97,124
a196g,0,196,442
a196r,0,196,442
v80t,0,80,140
k203s,0,203,51
q99r,0,99,400
q137r,0,137,52
q166k,0,166,233
k170a,0,170,305
d189a,0,189,225
n31s,0,31,37
a107i,0,107,435
i6v,0,6,443
m10y,0,10,406
t12s,0,12,404
t13e,0,13,180
v14s,0,14,354
n31g,0,31,37
d36n,0,36,362
k39n,0,39,157
s41v,0,41,229
v42d,0,42,309
s61d,0,61,274
a66v,0,66,173
l76m,0,76,278
g86s,0,86,385
t103s,0,103,120
e104n,0,104,343
a106m,0,106,447
i108v,0,108,113
i108v,0,108,463
m123t,0,123,468
t124r,0,124,236
v126i,0,126,308
q137e,0,137,52
l139v,0,139,348
r143q,0,143,89
e153t,0,153,148
m155r,0,155,340
e162k,0,162,174
q166h,0,166,233
a172t,0,172,205
n174h,0,174,390
g199s,0,199,156
k201g,0,201,123
l204h,0,204,277
n206v,0,206,242
n207h,0,207,230
q209r,0,209,293
q210k,0,210,200
s211y,0,211,81
s213a,0,213,19
s214d,0,214,95
s215n,0,215,145
y230k,0,230,346
t236l,0,236,55
a239t,0,239,446
i240t,0,240,320
i243m,0,243,312
i247l,0,247,23
k248s,0,248,122
r250e,0,250,345
s251t,0,251,300
p265i,0,265,132
q176l,0,176,227
m51x,0,51,96
m51v,0,51,96
e28s,0,28,360
k39d,0,39,157
p175t,0,175,222
t103l,0,103,120
q166y,0,166,233
q210r,0,210,200
s41a,0,41,229
k216i,0,216,226
v7a,0,7,162
v74i,0,74,335
v7x,0,7,162
d44g,0,44,203
d44n,0,44,203
d44t,0,44,203
d44k,0,44,203
y65h,0,65,149
y65n,0,65,149
m252l,0,252,428
s58g,0,58,190
i51f,0,51,96
v191t,0,191,170
i51l,0,51,96
i51m,0,51,96
i51y,0,51,96
i51x,0,51,96
i125v,0,125,15
a217s,0,217,262
e150q,0,150,228
e150h,0,150,228
e150g,0,150,228
i12t,0,12,404
t112l,0,112,46
t112i,0,112,46
t112q,0,112,46
k160q,0,160,323
k160x,0,160,323
v111l,0,111,484
v111i,0,111,484
v111g,0,111,484
f111g,0,111,484
i195t,0,195,272
i195n,0,195,272
i195s,0,195,272
i13a,0,13,180
g28d,0,28,360
a25d,0,25,71
n65h,0,65,149
v110l,0,110,462
h230t,0,230,346
n263v,0,263,83
a25e,0,25,71
h230y,0,230,346
n263k,0,263,83
i216k,0,216,226
n65y,0,65,149
n263p,0,263,83
h230k,0,230,346
n263r,0,263,83
v72i,0,72,61
i253v,0,253,141
v73l,0,73,129
h137e,0,137,52
v71i,0,71,414
a173s,0,173,112
i188t,0,188,171
m194i,0,194,160
m194v,0,194,160
m194a,0,194,160
m194e,0,194,160
m120l,0,120,207
i218t,0,218,239
r65h,0,65,149
r65n,0,65,149
x99q,0,99,400
v109i,0,109,466
g3a,0,3,63
s4a,0,4,313
x7a,0,7,162
q8a,0,8,88
v9a,0,9,481
k28d,0,28,360
e30d,0,30,177
k33e,0,33,327
g39e,0,39,157
p41e,0,41,229
k42e,0,42,309
l47f,0,47,429
y48f,0,48,90
n55g,0,55,304
t56g,0,56,159
t57g,0,57,445
v64h,0,64,158
v70i,0,70,6
f72i,0,72,61
x77i,0,77,164
v95k,0,95,307
e98k,0,98,325
e102k,0,102,363
q103k,0,103,120
q104k,0,104,343
m105l,0,105,475
m107l,0,107,435
f113l,0,113,214
i114l,0,114,389
i121l,0,121,125
f134m,0,134,477
v135m,0,135,492
l145p,0,145,53
e155q,0,155,340
h161q,0,161,347
i162q,0,162,174
k167r,0,167,471
t170s,0,170,305
e176s,0,176,227
g177s,0,177,29
g178s,0,178,449
n179s,0,179,472
v188t,0,188,171
s196t,0,196,442
e197t,0,197,329
q199t,0,199,156
e201t,0,201,123
i202t,0,202,163
s204t,0,204,277
e209t,0,209,293
g219t,0,219,182
i220t,0,220,454
i221t,0,221,68
l222t,0,222,303
n223t,0,223,430
p224t,0,224,176
a230t,0,230,346
l241v,0,241,432
l248v,0,248,122
k250v,0,250,345
a251v,0,251,300
i254v,0,254,482
n266y,0,266,377
v188s,0,188,171
i162r,0,162,174
k33a,0,33,327
y51l,0,51,96
t150h,0,150,228
p263x,0,263,83
v194i,0,194,160
x7i,0,7,162
q8k,0,8,88
k28e,0,28,360
e30g,0,30,177
g39k,0,39,157
d40p,0,40,384
p41s,0,41,229
k42v,0,42,309
y51m,0,51,96
x77v,0,77,164
e98q,0,98,325
e102s,0,102,363
q103t,0,103,120
q104e,0,104,343
m107a,0,107,435
q112i,0,112,46
i121m,0,121,125
f134v,0,134,477
t150g,0,150,228
e155m,0,155,340
h161v,0,161,347
i162e,0,162,174
t170k,0,170,305
e176q,0,176,227
s196a,0,196,442
e197d,0,197,329
q199g,0,199,156
e201k,0,201,123
i202k,0,202,163
s204l,0,204,277
e209q,0,209,293
a230y,0,230,346
l241i,0,241,432
l248k,0,248,122
k250r,0,250,345
a251s,0,251,300
p263k,0,263,83
x7v,0,7,162
y51i,0,51,96
t150e,0,150,228
q112t,0,112,46
n195i,0,195,272
a230h,0,230,346
v194m,0,194,160
s97p,0,97,124
i162v,0,162,174
i162a,0,162,174
s97l,0,97,124
t170a,0,170,305
i221v,0,221,68
l222s,0,222,303
i220v,0,220,454
i254t,0,254,482
d40g,0,40,384
t170i,0,170,305
k28n,0,28,360
g39n,0,39,157
p41v,0,41,229
k42d,0,42,309
v95s,0,95,307
q103s,0,103,120
q104n,0,104,343
v135t,0,135,492
l145v,0,145,53
e155r,0,155,340
n195s,0,195,272
q199s,0,199,156
e201g,0,201,123
s204h,0,204,277
e209r,0,209,293
i220m,0,220,454
a230k,0,230,346
k250e,0,250,345
a251t,0,251,300
t255f,0,255,491
e176l,0,176,227
y51x,0,51,96
y51v,0,51,96
g219s,0,219,182
k28s,0,28,360
g39d,0,39,157
e197a,0,197,329
i121t,0,121,125
v188a,0,188,171
p263r,0,263,83
n195f,0,195,272
p97k,0,97,124
a255v,0,255,491
p97n,0,97,124
v162i,0,162,174
v162a,0,162,174
g196t,0,196,442
g196a,0,196,442
i131m,0,131,301
r196t,0,196,442
r196a,0,196,442
a191s,0,191,170
a191n,0,191,170
t80i,0,80,140
t185s,0,185,273
t80v,0,80,140
a194m,0,194,160
a194e,0,194,160
m81v,0,81,357
m73i,0,73,129
a162i,0,162,174
a162v,0,162,174
l235v,0,235,461
l235a,0,235,461
s203k,0,203,51
l235f,0,235,461
r99q,0,99,400
i256t,0,256,365
t16a,0,16,382
k166r,0,166,233
a170s,0,170,305
v221t,0,221,68
s222t,0,222,303
t16v,0,16,382
r137q,0,137,52
k166q,0,166,233
l97s,0,97,124
a170t,0,170,305
v221i,0,221,68
s222l,0,222,303
k166h,0,166,233
v220i,0,220,454
n86s,0,86,385
v211y,0,211,81
a189d,0,189,225
x119l,0,119,292
s31d,0,31,37
n191s,0,191,170
s31n,0,31,37
n191a,0,191,170
r85k,0,85,136
v43e,0,43,342
i189t,0,189,225
v43g,0,43,342
i107a,0,107,435
f235v,0,235,461
f235a,0,235,461
f235l,0,235,461
v20a,0,20,224
t254v,0,254,482
t254i,0,254,482
g40d,0,40,384
i170s,0,170,305
i170t,0,170,305
l2a,0,2,369
v6a,0,6,443
y10a,0,10,406
s12a,0,12,404
e13a,0,13,180
s14a,0,14,354
e24d,0,24,290
e24d,0,24,417
g31d,0,31,37
n36e,0,36,362
t38e,0,38,49
t38e,0,38,126
v41e,0,41,229
d42e,0,42,309
t44e,0,44,203
i46f,0,46,337
d61g,0,61,274
v66i,0,66,173
v69i,0,69,270
l73i,0,73,129
m76i,0,76,278
f81i,0,81,357
s86k,0,86,385
n90k,0,90,128
q91k,0,91,36
r92k,0,92,247
r92k,0,92,393
r92k,0,92,456
s93k,0,93,64
t94k,0,94,58
t94k,0,94,361
t94k,0,94,388
s95k,0,95,307
s103k,0,103,120
n104k,0,104,343
m106l,0,106,447
v108l,0,108,113
v108l,0,108,463
g111l,0,111,484
i115l,0,115,191
i115l,0,115,294
m117l,0,117,199
m117l,0,117,237
v118l,0,118,287
t123l,0,123,468
r124l,0,124,236
i126l,0,126,308
t135m,0,135,492
v139n,0,139,348
t142n,0,142,355
q143n,0,143,89
v145p,0,145,53
v147p,0,147,364
t153q,0,153,148
r155q,0,155,340
d156q,0,156,271
r159q,0,159,167
h166r,0,166,233
k168r,0,168,286
t172s,0,172,205
h174s,0,174,390
a180s,0,180,476
e181s,0,181,186
t184s,0,184,72
g185s,0,185,273
s195t,0,195,272
s199t,0,199,156
g201t,0,201,123
h204t,0,204,277
v206t,0,206,242
h207t,0,207,230
r209t,0,209,293
k210t,0,210,200
a213t,0,213,19
d214t,0,214,95
n215t,0,215,145
s217t,0,217,262
m220t,0,220,454
a225t,0,225,265
e226t,0,226,359
l227t,0,227,464
s228t,0,228,189
s228t,0,228,353
k230t,0,230,346
i233l,0,233,351
l236v,0,236,55
t239v,0,239,446
t240v,0,240,320
m243v,0,243,312
l247v,0,247,23
e250v,0,250,345
t251v,0,251,300
f255v,0,255,491
t256v,0,256,365
a257v,0,257,358
i258v,0,258,91
t259v,0,259,251
i265y,0,265,132
f267y,0,267,488
i233v,0,233,351
e137d,0,137,52
k162r,0,162,174
t44g,0,44,203
f81v,0,81,357
v6i,0,6,443
y10m,0,10,406
s12t,0,12,404
e13t,0,13,180
s14v,0,14,354
g31n,0,31,37
n36d,0,36,362
n39k,0,39,157
v41s,0,41,229
d42v,0,42,309
d61s,0,61,274
v66a,0,66,173
m76l,0,76,278
s86g,0,86,385
s103t,0,103,120
n104e,0,104,343
m106a,0,106,447
v108i,0,108,113
v108i,0,108,463
t123m,0,123,468
r124t,0,124,236
i126v,0,126,308
e137q,0,137,52
v139l,0,139,348
q143r,0,143,89
t153e,0,153,148
r155m,0,155,340
h166q,0,166,233
t172a,0,172,205
h174n,0,174,390
s199g,0,199,156
g201k,0,201,123
h204l,0,204,277
v206n,0,206,242
h207n,0,207,230
r209q,0,209,293
k210q,0,210,200
y211s,0,211,81
a213s,0,213,19
d214s,0,214,95
n215s,0,215,145
k230y,0,230,346
l236t,0,236,55
t239a,0,239,446
t240i,0,240,320
m243i,0,243,312
l247i,0,247,23
s248k,0,248,122
e250r,0,250,345
t251s,0,251,300
i265p,0,265,132
t44d,0,44,203
l252m,0,252,428
s217a,0,217,262
g111v,0,111,484
g111f,0,111,484
s195i,0,195,272
k230h,0,230,346
l73v,0,73,129
e137h,0,137,52
n28k,0,28,360
n39g,0,39,157
v41p,0,41,229
d42k,0,42,309
s95v,0,95,307
s103q,0,103,120
n104q,0,104,343
t135v,0,135,492
v145l,0,145,53
r155e,0,155,340
s195n,0,195,272
s199q,0,199,156
g201e,0,201,123
h204s,0,204,277
r209e,0,209,293
m220i,0,220,454
k230a,0,230,346
s248l,0,248,122
e250k,0,250,345
t251a,0,251,300
f255t,0,255,491
t256i,0,256,365
h166k,0,166,233
s86n,0,86,385
y211v,0,211,81
n90s,0,90,128
t142i,0,142,355
t44k,0,44,203
s103l,0,103,120
h166y,0,166,233
k210r,0,210,200
n39s,0,39,157
i265t,0,265,132
t259a,0,259,251
i265v,0,265,132
n215d,0,215,145
h157q,0,157,494
l176s,0,176,227
l176q,0,176,227
l176e,0,176,227
i133m,0,133,455
x51m,0,51,96
x51y,0,51,96
i142t,0,142,355
x51v,0,51,96
r89k,0,89,310
p182s,0,182,474
v51m,0,51,96
k44d,0,44,203
v51y,0,51,96
s219g,0,219,182
k44t,0,44,203
v51x,0,51,96
s28d,0,28,360
s28e,0,28,360
s28k,0,28,360
d39e,0,39,157
x160q,0,160,323
d39k,0,39,157
x160r,0,160,323
x160k,0,160,323
d39g,0,39,157
t175s,0,175,222
t175p,0,175,222
t175a,0,175,222
l103k,0,103,120
y166r,0,166,233
a197t,0,197,329
r210t,0,210,200
l103t,0,103,120
y166q,0,166,233
a197d,0,197,329
l103q,0,103,120
l103s,0,103,120
y166h,0,166,233
r210k,0,210,200
s39n,0,39,157
s141n,0,141,469
a41s,0,41,229
x54g,0,54,490
x262v,0,262,250
x47f,0,47,429
e194m,0,194,160
e194a,0,194,160
i260v,0,260,130
t121i,0,121,125
m69i,0,69,270
m69v,0,69,270
t265i,0,265,132
a259t,0,259,251
r88k,0,88,394
v265i,0,265,132
a188v,0,188,171
d215n,0,215,145
r263n,0,263,83
r263p,0,263,83
f195n,0,195,272
